S no,Time_stamp,Page_views,Ad_spend,Is_weekend,Is_holiday,Month,Year,Date
0,01-01-2022,1166,$195,TRUE,TRUE,Jan,2022,1
1,02-01-2022,1191,$176,TRUE,FALSE,Jan,2022,2
2,03-01-2022,1267,$269,FALSE,FALSE,Jan,2022,3
3,04-01-2022,1364,$296,FALSE,FALSE,Jan,2022,4
4,05-01-2022,1013,$243,FALSE,FALSE,Jan,2022,5
5,06-01-2022,996,$243,FALSE,FALSE,Jan,2022,6
6,07-01-2022,1105,$297,FALSE,FALSE,Jan,2022,7
7,08-01-2022,1203,$203,TRUE,FALSE,Jan,2022,8
8,09-01-2022,1334,$166,TRUE,FALSE,Jan,2022,9
9,10-01-2022,1425,$266,FALSE,FALSE,Jan,2022,10
10,11-01-2022,1425,$236,FALSE,FALSE,Jan,2022,11
11,12-01-2022,1035,$236,FALSE,FALSE,Jan,2022,12
12,13-01-2022,1010,$257,FALSE,FALSE,Jan,2022,13
13,14-01-2022,1101,$193,FALSE,FALSE,Jan,2022,14
14,15-01-2022,1264,$128,TRUE,FALSE,Jan,2022,15
15,16-01-2022,1442,$163,TRUE,FALSE,Jan,2022,16
16,17-01-2022,1401,$220,FALSE,FALSE,Jan,2022,17
17,18-01-2022,1114,$259,FALSE,FALSE,Jan,2022,18
18,19-01-2022,1185,$223,FALSE,FALSE,Jan,2022,19
19,20-01-2022,891,$208,FALSE,FALSE,Jan,2022,20
20,21-01-2022,1072,$294,FALSE,FALSE,Jan,2022,21
21,22-01-2022,1124,$173,TRUE,FALSE,Jan,2022,22
22,23-01-2022,1329,$182,TRUE,FALSE,Jan,2022,23
23,24-01-2022,1453,$207,FALSE,FALSE,Jan,2022,24
24,25-01-2022,1274,$234,FALSE,FALSE,Jan,2022,25
25,26-01-2022,1116,$253,FALSE,FALSE,Jan,2022,26
26,27-01-2022,1121,$215,FALSE,FALSE,Jan,2022,27
27,28-01-2022,1085,$261,FALSE,FALSE,Jan,2022,28
28,29-01-2022,1199,$162,TRUE,FALSE,Jan,2022,29
29,30-01-2022,1432,$171,TRUE,FALSE,Jan,2022,30
30,31-01-2022,1518,$232,FALSE,FALSE,Jan,2022,31
31,01-02-2022,1159,$306,FALSE,FALSE,Feb,2022,1
32,02-02-2022,1139,$250,FALSE,FALSE,Feb,2022,2
33,03-02-2022,1078,$218,FALSE,FALSE,Feb,2022,3
34,04-02-2022,1083,$275,FALSE,FALSE,Feb,2022,4
35,05-02-2022,1342,$143,TRUE,FALSE,Feb,2022,5
36,06-02-2022,1360,$186,TRUE,FALSE,Feb,2022,6
37,07-02-2022,1456,$191,FALSE,FALSE,Feb,2022,7
38,08-02-2022,1248,$210,FALSE,FALSE,Feb,2022,8
39,09-02-2022,1117,$256,FALSE,FALSE,Feb,2022,9
40,10-02-2022,925,$272,FALSE,FALSE,Feb,2022,10
41,11-02-2022,949,$255,FALSE,FALSE,Feb,2022,11
42,12-02-2022,1378,$177,TRUE,FALSE,Feb,2022,12
43,13-02-2022,1351,$171,TRUE,FALSE,Feb,2022,13
44,14-02-2022,1370,$206,FALSE,FALSE,Feb,2022,14
45,15-02-2022,1123,$228,FALSE,FALSE,Feb,2022,15
46,16-02-2022,1069,$236,FALSE,FALSE,Feb,2022,16
47,17-02-2022,929,$282,FALSE,FALSE,Feb,2022,17
48,18-02-2022,1221,$260,FALSE,FALSE,Feb,2022,18
49,19-02-2022,1333,$127,TRUE,FALSE,Feb,2022,19
50,20-02-2022,1383,$190,TRUE,FALSE,Feb,2022,20
51,21-02-2022,1646,$238,FALSE,FALSE,Feb,2022,21
52,22-02-2022,1358,$230,FALSE,FALSE,Feb,2022,22
53,23-02-2022,1119,$268,FALSE,FALSE,Feb,2022,23
54,24-02-2022,868,$281,FALSE,FALSE,Feb,2022,24
55,25-02-2022,1286,$278,FALSE,FALSE,Feb,2022,25
56,26-02-2022,1173,$155,TRUE,FALSE,Feb,2022,26
57,27-02-2022,1318,$171,TRUE,FALSE,Feb,2022,27
58,28-02-2022,1570,$260,FALSE,FALSE,Feb,2022,28
59,01-03-2022,1503,$279,FALSE,FALSE,Mar,2022,1
60,02-03-2022,1256,$236,FALSE,FALSE,Mar,2022,2
61,03-03-2022,1137,$244,FALSE,FALSE,Mar,2022,3
62,04-03-2022,1192,$217,FALSE,FALSE,Mar,2022,4
63,05-03-2022,1344,$144,TRUE,FALSE,Mar,2022,5
64,06-03-2022,1500,$204,TRUE,FALSE,Mar,2022,6
65,07-03-2022,1485,$291,FALSE,FALSE,Mar,2022,7
66,08-03-2022,1321,$248,FALSE,FALSE,Mar,2022,8
67,09-03-2022,1171,$280,FALSE,FALSE,Mar,2022,9
68,10-03-2022,1061,$261,FALSE,FALSE,Mar,2022,10
69,11-03-2022,1113,$231,FALSE,FALSE,Mar,2022,11
70,12-03-2022,1177,$191,TRUE,FALSE,Mar,2022,12
71,13-03-2022,1451,$226,TRUE,FALSE,Mar,2022,13
72,14-03-2022,1401,$249,FALSE,FALSE,Mar,2022,14
73,15-03-2022,1261,$297,FALSE,FALSE,Mar,2022,15
74,16-03-2022,1213,$171,FALSE,FALSE,Mar,2022,16
75,17-03-2022,1217,$275,FALSE,FALSE,Mar,2022,17
76,18-03-2022,1247,$253,FALSE,FALSE,Mar,2022,18
77,19-03-2022,1130,$171,TRUE,FALSE,Mar,2022,19
78,20-03-2022,1396,$183,TRUE,FALSE,Mar,2022,20
79,21-03-2022,1577,$190,FALSE,FALSE,Mar,2022,21
80,22-03-2022,1267,$243,FALSE,FALSE,Mar,2022,22
81,23-03-2022,1163,$261,FALSE,FALSE,Mar,2022,23
82,24-03-2022,1122,$294,FALSE,FALSE,Mar,2022,24
83,25-03-2022,1072,$234,FALSE,FALSE,Mar,2022,25
84,26-03-2022,1325,$156,TRUE,FALSE,Mar,2022,26
85,27-03-2022,1388,$165,TRUE,FALSE,Mar,2022,27
86,28-03-2022,1450,$277,FALSE,FALSE,Mar,2022,28
87,29-03-2022,1369,$260,FALSE,FALSE,Mar,2022,29
88,30-03-2022,1049,$234,FALSE,FALSE,Mar,2022,30
89,31-03-2022,1172,$265,FALSE,FALSE,Mar,2022,31
90,01-04-2022,1164,$253,FALSE,FALSE,Apr,2022,1
91,02-04-2022,1351,$209,TRUE,FALSE,Apr,2022,2
92,03-04-2022,1501,$159,TRUE,FALSE,Apr,2022,3
93,04-04-2022,1624,$240,FALSE,FALSE,Apr,2022,4
94,05-04-2022,1391,$238,FALSE,FALSE,Apr,2022,5
95,06-04-2022,1143,$206,FALSE,FALSE,Apr,2022,6
96,07-04-2022,1129,$259,FALSE,FALSE,Apr,2022,7
97,08-04-2022,1200,$258,FALSE,FALSE,Apr,2022,8
98,09-04-2022,1298,$180,TRUE,FALSE,Apr,2022,9
99,10-04-2022,1486,$173,TRUE,FALSE,Apr,2022,10
100,11-04-2022,1465,$208,FALSE,FALSE,Apr,2022,11
101,12-04-2022,1314,$237,FALSE,FALSE,Apr,2022,12
102,13-04-2022,1078,$240,FALSE,FALSE,Apr,2022,13
103,14-04-2022,1243,$226,FALSE,FALSE,Apr,2022,14
104,15-04-2022,1060,$245,FALSE,FALSE,Apr,2022,15
105,16-04-2022,1262,$192,TRUE,FALSE,Apr,2022,16
106,17-04-2022,1409,$237,TRUE,FALSE,Apr,2022,17
107,18-04-2022,1588,$255,FALSE,FALSE,Apr,2022,18
108,19-04-2022,1353,$258,FALSE,FALSE,Apr,2022,19
109,20-04-2022,1330,$248,FALSE,FALSE,Apr,2022,20
110,21-04-2022,1079,$192,FALSE,FALSE,Apr,2022,21
111,22-04-2022,1196,$249,FALSE,FALSE,Apr,2022,22
112,23-04-2022,1257,$182,TRUE,FALSE,Apr,2022,23
113,24-04-2022,1619,$254,TRUE,FALSE,Apr,2022,24
114,25-04-2022,1425,$244,FALSE,FALSE,Apr,2022,25
115,26-04-2022,1396,$259,FALSE,FALSE,Apr,2022,26
116,27-04-2022,1292,$249,FALSE,FALSE,Apr,2022,27
117,28-04-2022,1160,$215,FALSE,FALSE,Apr,2022,28
118,29-04-2022,1160,$284,FALSE,FALSE,Apr,2022,29
119,30-04-2022,1315,$203,TRUE,FALSE,Apr,2022,30
120,01-05-2022,1465,$204,TRUE,FALSE,May,2022,1
121,02-05-2022,1529,$223,FALSE,FALSE,May,2022,2
122,03-05-2022,1461,$292,FALSE,FALSE,May,2022,3
123,04-05-2022,1388,$208,FALSE,FALSE,May,2022,4
124,05-05-2022,1069,$268,FALSE,FALSE,May,2022,5
125,06-05-2022,1084,$606,FALSE,FALSE,May,2022,6
126,07-05-2022,1292,$441,TRUE,FALSE,May,2022,7
127,08-05-2022,1698,$453,TRUE,FALSE,May,2022,8
128,09-05-2022,1669,$543,FALSE,FALSE,May,2022,9
129,10-05-2022,1656,$525,FALSE,FALSE,May,2022,10
130,11-05-2022,1493,$494,FALSE,FALSE,May,2022,11
131,12-05-2022,1260,$542,FALSE,FALSE,May,2022,12
132,13-05-2022,1377,$218,FALSE,FALSE,May,2022,13
133,14-05-2022,1599,$194,TRUE,FALSE,May,2022,14
134,15-05-2022,1624,$152,TRUE,FALSE,May,2022,15
135,16-05-2022,1481,$296,FALSE,FALSE,May,2022,16
136,17-05-2022,1328,$227,FALSE,FALSE,May,2022,17
137,18-05-2022,1094,$240,FALSE,FALSE,May,2022,18
138,19-05-2022,1101,$274,FALSE,FALSE,May,2022,19
139,20-05-2022,1051,$213,FALSE,FALSE,May,2022,20
140,21-05-2022,1316,$187,TRUE,FALSE,May,2022,21
141,22-05-2022,1428,$219,TRUE,FALSE,May,2022,22
142,23-05-2022,1509,$202,FALSE,FALSE,May,2022,23
143,24-05-2022,1242,$256,FALSE,FALSE,May,2022,24
144,25-05-2022,1238,$258,FALSE,FALSE,May,2022,25
145,26-05-2022,1159,$273,FALSE,FALSE,May,2022,26
146,27-05-2022,1003,$213,FALSE,FALSE,May,2022,27
147,28-05-2022,1349,$140,TRUE,FALSE,May,2022,28
148,29-05-2022,1583,$196,TRUE,FALSE,May,2022,29
149,30-05-2022,1389,$259,FALSE,FALSE,May,2022,30
150,31-05-2022,1467,$364,FALSE,FALSE,May,2022,31
151,01-06-2022,1226,$366,FALSE,FALSE,Jun,2022,1
152,02-06-2022,1065,$336,FALSE,FALSE,Jun,2022,2
153,03-06-2022,1218,$363,FALSE,FALSE,Jun,2022,3
154,04-06-2022,1424,$295,TRUE,FALSE,Jun,2022,4
155,05-06-2022,1523,$265,TRUE,FALSE,Jun,2022,5
156,06-06-2022,1614,$412,FALSE,FALSE,Jun,2022,6
157,07-06-2022,1347,$264,FALSE,FALSE,Jun,2022,7
158,08-06-2022,1242,$214,FALSE,FALSE,Jun,2022,8
159,09-06-2022,1095,$270,FALSE,FALSE,Jun,2022,9
160,10-06-2022,1148,$221,FALSE,FALSE,Jun,2022,10
161,11-06-2022,1210,$204,TRUE,FALSE,Jun,2022,11
162,12-06-2022,1412,$215,TRUE,FALSE,Jun,2022,12
163,13-06-2022,1578,$225,FALSE,FALSE,Jun,2022,13
164,14-06-2022,1447,$279,FALSE,FALSE,Jun,2022,14
165,15-06-2022,1241,$262,FALSE,FALSE,Jun,2022,15
166,16-06-2022,1002,$275,FALSE,FALSE,Jun,2022,16
167,17-06-2022,1134,$307,FALSE,FALSE,Jun,2022,17
168,18-06-2022,1402,$173,TRUE,FALSE,Jun,2022,18
169,19-06-2022,1479,$157,TRUE,FALSE,Jun,2022,19
170,20-06-2022,1710,$223,FALSE,FALSE,Jun,2022,20
171,21-06-2022,1366,$226,FALSE,FALSE,Jun,2022,21
172,22-06-2022,1167,$248,FALSE,FALSE,Jun,2022,22
173,23-06-2022,1057,$260,FALSE,FALSE,Jun,2022,23
174,24-06-2022,1131,$258,FALSE,FALSE,Jun,2022,24
175,25-06-2022,1277,$205,TRUE,FALSE,Jun,2022,25
176,26-06-2022,1509,$180,TRUE,FALSE,Jun,2022,26
177,27-06-2022,1565,$294,FALSE,FALSE,Jun,2022,27
178,28-06-2022,1285,$242,FALSE,FALSE,Jun,2022,28
179,29-06-2022,1052,$332,FALSE,FALSE,Jun,2022,29
180,30-06-2022,970,$269,FALSE,FALSE,Jun,2022,30
181,01-07-2022,1164,$224,FALSE,FALSE,Jul,2022,1
182,02-07-2022,1245,$298,TRUE,FALSE,Jul,2022,2
183,03-07-2022,1278,$344,TRUE,FALSE,Jul,2022,3
184,04-07-2022,1492,$393,FALSE,TRUE,Jul,2022,4
185,05-07-2022,1596,$421,FALSE,FALSE,Jul,2022,5
186,06-07-2022,1249,$264,FALSE,FALSE,Jul,2022,6
187,07-07-2022,1237,$248,FALSE,FALSE,Jul,2022,7
188,08-07-2022,1231,$225,FALSE,FALSE,Jul,2022,8
189,09-07-2022,1278,$135,TRUE,FALSE,Jul,2022,9
190,10-07-2022,1505,$167,TRUE,FALSE,Jul,2022,10
191,11-07-2022,1431,$276,FALSE,FALSE,Jul,2022,11
192,12-07-2022,1313,$256,FALSE,FALSE,Jul,2022,12
193,13-07-2022,1162,$213,FALSE,FALSE,Jul,2022,13
194,14-07-2022,1039,$255,FALSE,FALSE,Jul,2022,14
195,15-07-2022,1198,$262,FALSE,FALSE,Jul,2022,15
196,16-07-2022,1234,$153,TRUE,FALSE,Jul,2022,16
197,17-07-2022,1368,$185,TRUE,FALSE,Jul,2022,17
198,18-07-2022,1513,$252,FALSE,FALSE,Jul,2022,18
199,19-07-2022,1224,$216,FALSE,FALSE,Jul,2022,19
200,20-07-2022,1143,$261,FALSE,FALSE,Jul,2022,20
201,21-07-2022,1071,$267,FALSE,FALSE,Jul,2022,21
202,22-07-2022,1175,$282,FALSE,FALSE,Jul,2022,22
203,23-07-2022,1308,$212,TRUE,FALSE,Jul,2022,23
204,24-07-2022,1427,$139,TRUE,FALSE,Jul,2022,24
205,25-07-2022,1542,$222,FALSE,FALSE,Jul,2022,25
206,26-07-2022,1436,$265,FALSE,FALSE,Jul,2022,26
207,27-07-2022,1151,$265,FALSE,FALSE,Jul,2022,27
208,28-07-2022,1048,$265,FALSE,FALSE,Jul,2022,28
209,29-07-2022,1007,$366,FALSE,FALSE,Jul,2022,29
210,30-07-2022,1182,$197,TRUE,FALSE,Jul,2022,30
211,31-07-2022,1398,$214,TRUE,FALSE,Jul,2022,31
212,01-08-2022,1472,$279,FALSE,FALSE,Aug,2022,1
213,02-08-2022,1296,$270,FALSE,FALSE,Aug,2022,2
214,03-08-2022,1151,$241,FALSE,FALSE,Aug,2022,3
215,04-08-2022,1119,$273,FALSE,FALSE,Aug,2022,4
216,05-08-2022,1103,$227,FALSE,FALSE,Aug,2022,5
217,06-08-2022,1286,$173,TRUE,FALSE,Aug,2022,6
218,07-08-2022,1427,$165,TRUE,FALSE,Aug,2022,7
219,08-08-2022,1274,$252,FALSE,FALSE,Aug,2022,8
220,09-08-2022,1216,$319,FALSE,FALSE,Aug,2022,9
221,10-08-2022,1101,$194,FALSE,FALSE,Aug,2022,10
222,11-08-2022,959,$271,FALSE,FALSE,Aug,2022,11
223,12-08-2022,1182,$202,FALSE,FALSE,Aug,2022,12
224,13-08-2022,1337,$166,TRUE,FALSE,Aug,2022,13
225,14-08-2022,1514,$213,TRUE,FALSE,Aug,2022,14
226,15-08-2022,1396,$252,FALSE,FALSE,Aug,2022,15
227,16-08-2022,1402,$218,FALSE,FALSE,Aug,2022,16
228,17-08-2022,1149,$229,FALSE,FALSE,Aug,2022,17
229,18-08-2022,1025,$270,FALSE,FALSE,Aug,2022,18
230,19-08-2022,1020,$228,FALSE,FALSE,Aug,2022,19
231,20-08-2022,1208,$186,TRUE,FALSE,Aug,2022,20
232,21-08-2022,1382,$181,TRUE,FALSE,Aug,2022,21
233,22-08-2022,1439,$230,FALSE,FALSE,Aug,2022,22
234,23-08-2022,1305,$314,FALSE,FALSE,Aug,2022,23
235,24-08-2022,1115,$269,FALSE,FALSE,Aug,2022,24
236,25-08-2022,1071,$189,FALSE,FALSE,Aug,2022,25
237,26-08-2022,1220,$256,FALSE,FALSE,Aug,2022,26
238,27-08-2022,1330,$160,TRUE,FALSE,Aug,2022,27
239,28-08-2022,1243,$206,TRUE,FALSE,Aug,2022,28
240,29-08-2022,1236,$226,FALSE,FALSE,Aug,2022,29
241,30-08-2022,1349,$540,FALSE,FALSE,Aug,2022,30
242,31-08-2022,1019,$558,FALSE,FALSE,Aug,2022,31
243,01-09-2022,1014,$569,FALSE,FALSE,Sep,2022,1
244,02-09-2022,1165,$507,FALSE,FALSE,Sep,2022,2
245,03-09-2022,1282,$463,TRUE,FALSE,Sep,2022,3
246,04-09-2022,1632,$459,TRUE,FALSE,Sep,2022,4
247,05-09-2022,1651,$523,FALSE,FALSE,Sep,2022,5
248,06-09-2022,1409,$303,FALSE,FALSE,Sep,2022,6
249,07-09-2022,1072,$262,FALSE,FALSE,Sep,2022,7
250,08-09-2022,1166,$212,FALSE,FALSE,Sep,2022,8
251,09-09-2022,1148,$278,FALSE,FALSE,Sep,2022,9
252,10-09-2022,1130,$244,TRUE,FALSE,Sep,2022,10
253,11-09-2022,1389,$211,TRUE,FALSE,Sep,2022,11
254,12-09-2022,1452,$204,FALSE,FALSE,Sep,2022,12
255,13-09-2022,1371,$235,FALSE,FALSE,Sep,2022,13
256,14-09-2022,1141,$288,FALSE,FALSE,Sep,2022,14
257,15-09-2022,942,$229,FALSE,FALSE,Sep,2022,15
258,16-09-2022,1173,$263,FALSE,FALSE,Sep,2022,16
259,17-09-2022,1253,$203,TRUE,FALSE,Sep,2022,17
260,18-09-2022,1384,$152,TRUE,FALSE,Sep,2022,18
261,19-09-2022,1371,$248,FALSE,FALSE,Sep,2022,19
262,20-09-2022,1267,$153,FALSE,FALSE,Sep,2022,20
263,21-09-2022,1028,$219,FALSE,FALSE,Sep,2022,21
264,22-09-2022,1034,$242,FALSE,FALSE,Sep,2022,22
265,23-09-2022,1167,$213,FALSE,FALSE,Sep,2022,23
266,24-09-2022,1117,$229,TRUE,FALSE,Sep,2022,24
267,25-09-2022,1268,$137,TRUE,FALSE,Sep,2022,25
268,26-09-2022,1537,$237,FALSE,FALSE,Sep,2022,26
269,27-09-2022,1304,$254,FALSE,FALSE,Sep,2022,27
270,28-09-2022,1039,$293,FALSE,FALSE,Sep,2022,28
271,29-09-2022,1128,$207,FALSE,FALSE,Sep,2022,29
272,30-09-2022,1046,$285,FALSE,FALSE,Sep,2022,30
273,01-10-2022,1421,$180,TRUE,FALSE,Oct,2022,1
274,02-10-2022,1435,$151,TRUE,FALSE,Oct,2022,2
275,03-10-2022,1428,$264,FALSE,FALSE,Oct,2022,3
276,04-10-2022,1469,$256,FALSE,FALSE,Oct,2022,4
277,05-10-2022,1058,$232,FALSE,FALSE,Oct,2022,5
278,06-10-2022,1126,$252,FALSE,FALSE,Oct,2022,6
279,07-10-2022,1125,$238,FALSE,FALSE,Oct,2022,7
280,08-10-2022,1348,$183,TRUE,FALSE,Oct,2022,8
281,09-10-2022,1539,$200,TRUE,FALSE,Oct,2022,9
282,10-10-2022,1448,$298,FALSE,FALSE,Oct,2022,10
283,11-10-2022,1245,$213,FALSE,FALSE,Oct,2022,11
284,12-10-2022,1179,$314,FALSE,FALSE,Oct,2022,12
285,13-10-2022,1039,$191,FALSE,FALSE,Oct,2022,13
286,14-10-2022,1244,$245,FALSE,FALSE,Oct,2022,14
287,15-10-2022,1312,$198,TRUE,FALSE,Oct,2022,15
288,16-10-2022,1355,$188,TRUE,FALSE,Oct,2022,16
289,17-10-2022,1472,$231,FALSE,FALSE,Oct,2022,17
290,18-10-2022,1213,$244,FALSE,FALSE,Oct,2022,18
291,19-10-2022,1066,$235,FALSE,FALSE,Oct,2022,19
292,20-10-2022,1158,$232,FALSE,FALSE,Oct,2022,20
293,21-10-2022,1057,$275,FALSE,FALSE,Oct,2022,21
294,22-10-2022,1178,$191,TRUE,FALSE,Oct,2022,22
295,23-10-2022,1461,$159,TRUE,FALSE,Oct,2022,23
296,24-10-2022,1579,$277,FALSE,FALSE,Oct,2022,24
297,25-10-2022,1384,$259,FALSE,FALSE,Oct,2022,25
298,26-10-2022,1215,$274,FALSE,FALSE,Oct,2022,26
299,27-10-2022,1038,$269,FALSE,FALSE,Oct,2022,27
300,28-10-2022,1015,$225,FALSE,FALSE,Oct,2022,28
301,29-10-2022,1415,$163,TRUE,FALSE,Oct,2022,29
302,30-10-2022,1424,$202,TRUE,FALSE,Oct,2022,30
303,31-10-2022,1444,$268,FALSE,FALSE,Oct,2022,31
304,01-11-2022,1426,$249,FALSE,FALSE,Nov,2022,1
305,02-11-2022,1216,$254,FALSE,FALSE,Nov,2022,2
306,03-11-2022,1141,$288,FALSE,FALSE,Nov,2022,3
307,04-11-2022,1307,$473,FALSE,FALSE,Nov,2022,4
308,05-11-2022,1243,$437,TRUE,FALSE,Nov,2022,5
309,06-11-2022,1547,$415,TRUE,FALSE,Nov,2022,6
310,07-11-2022,1629,$484,FALSE,FALSE,Nov,2022,7
311,08-11-2022,1518,$524,FALSE,FALSE,Nov,2022,8
312,09-11-2022,1433,$516,FALSE,FALSE,Nov,2022,9
313,10-11-2022,1287,$515,FALSE,FALSE,Nov,2022,10
314,11-11-2022,1354,$289,FALSE,FALSE,Nov,2022,11
315,12-11-2022,1550,$181,TRUE,FALSE,Nov,2022,12
316,13-11-2022,1593,$200,TRUE,FALSE,Nov,2022,13
317,14-11-2022,1459,$241,FALSE,FALSE,Nov,2022,14
318,15-11-2022,1272,$260,FALSE,FALSE,Nov,2022,15
319,16-11-2022,1038,$246,FALSE,FALSE,Nov,2022,16
320,17-11-2022,1278,$253,FALSE,FALSE,Nov,2022,17
321,18-11-2022,1077,$268,FALSE,FALSE,Nov,2022,18
322,19-11-2022,1298,$155,TRUE,FALSE,Nov,2022,19
323,20-11-2022,1456,$243,TRUE,FALSE,Nov,2022,20
324,21-11-2022,1552,$220,FALSE,FALSE,Nov,2022,21
325,22-11-2022,1419,$214,FALSE,FALSE,Nov,2022,22
326,23-11-2022,1304,$285,FALSE,FALSE,Nov,2022,23
327,24-11-2022,1068,$274,FALSE,FALSE,Nov,2022,24
328,25-11-2022,1139,$269,FALSE,FALSE,Nov,2022,25
329,26-11-2022,1376,$349,TRUE,FALSE,Nov,2022,26
330,27-11-2022,1485,$330,TRUE,FALSE,Nov,2022,27
331,28-11-2022,1671,$373,FALSE,TRUE,Nov,2022,28
332,29-11-2022,1524,$402,FALSE,FALSE,Nov,2022,29
333,30-11-2022,1361,$230,FALSE,FALSE,Nov,2022,30
334,01-12-2022,1275,$279,FALSE,FALSE,Dec,2022,1
335,02-12-2022,1374,$246,FALSE,FALSE,Dec,2022,2
336,03-12-2022,1350,$155,TRUE,FALSE,Dec,2022,3
337,04-12-2022,1420,$170,TRUE,FALSE,Dec,2022,4
338,05-12-2022,1576,$262,FALSE,FALSE,Dec,2022,5
339,06-12-2022,1332,$233,FALSE,FALSE,Dec,2022,6
340,07-12-2022,1180,$225,FALSE,FALSE,Dec,2022,7
341,08-12-2022,1218,$257,FALSE,FALSE,Dec,2022,8
342,09-12-2022,1294,$257,FALSE,FALSE,Dec,2022,9
343,10-12-2022,1351,$165,TRUE,FALSE,Dec,2022,10
344,11-12-2022,1551,$166,TRUE,FALSE,Dec,2022,11
345,12-12-2022,1704,$257,FALSE,FALSE,Dec,2022,12
346,13-12-2022,1426,$207,FALSE,FALSE,Dec,2022,13
347,14-12-2022,1444,$208,FALSE,FALSE,Dec,2022,14
348,15-12-2022,1230,$228,FALSE,FALSE,Dec,2022,15
349,16-12-2022,1054,$244,FALSE,FALSE,Dec,2022,16
350,17-12-2022,1415,$189,TRUE,FALSE,Dec,2022,17
351,18-12-2022,1556,$224,TRUE,FALSE,Dec,2022,18
352,19-12-2022,1679,$276,FALSE,FALSE,Dec,2022,19
353,20-12-2022,1492,$245,FALSE,FALSE,Dec,2022,20
354,21-12-2022,1277,$249,FALSE,FALSE,Dec,2022,21
355,22-12-2022,1115,$220,FALSE,FALSE,Dec,2022,22
356,23-12-2022,1219,$399,FALSE,FALSE,Dec,2022,23
357,24-12-2022,1329,$321,TRUE,FALSE,Dec,2022,24
358,25-12-2022,1491,$340,TRUE,TRUE,Dec,2022,25
359,26-12-2022,1734,$375,FALSE,FALSE,Dec,2022,26
360,27-12-2022,1668,$266,FALSE,FALSE,Dec,2022,27
361,28-12-2022,1405,$296,FALSE,FALSE,Dec,2022,28
362,29-12-2022,1194,$247,FALSE,FALSE,Dec,2022,29
363,30-12-2022,1300,$412,FALSE,FALSE,Dec,2022,30
364,31-12-2022,1538,$351,TRUE,FALSE,Dec,2022,31
365,01-01-2023,1522,$318,TRUE,TRUE,Jan,2023,1
366,02-01-2023,1701,$407,FALSE,FALSE,Jan,2023,2
367,03-01-2023,1570,$250,FALSE,FALSE,Jan,2023,3
368,04-01-2023,1315,$253,FALSE,FALSE,Jan,2023,4
369,05-01-2023,1377,$227,FALSE,FALSE,Jan,2023,5
370,06-01-2023,1263,$251,FALSE,FALSE,Jan,2023,6
371,07-01-2023,1467,$195,TRUE,FALSE,Jan,2023,7
372,08-01-2023,1505,$224,TRUE,FALSE,Jan,2023,8
373,09-01-2023,1597,$279,FALSE,FALSE,Jan,2023,9
374,10-01-2023,1550,$315,FALSE,FALSE,Jan,2023,10
375,11-01-2023,1309,$227,FALSE,FALSE,Jan,2023,11
376,12-01-2023,1404,$276,FALSE,FALSE,Jan,2023,12
377,13-01-2023,1296,$256,FALSE,FALSE,Jan,2023,13
378,14-01-2023,1453,$246,TRUE,FALSE,Jan,2023,14
379,15-01-2023,1697,$156,TRUE,FALSE,Jan,2023,15
380,16-01-2023,1538,$225,FALSE,FALSE,Jan,2023,16
381,17-01-2023,1399,$232,FALSE,FALSE,Jan,2023,17
382,18-01-2023,1193,$186,FALSE,FALSE,Jan,2023,18
383,19-01-2023,1351,$234,FALSE,FALSE,Jan,2023,19
384,20-01-2023,1251,$227,FALSE,FALSE,Jan,2023,20
385,21-01-2023,1631,$185,TRUE,FALSE,Jan,2023,21
386,22-01-2023,1569,$190,TRUE,FALSE,Jan,2023,22
387,23-01-2023,1666,$306,FALSE,FALSE,Jan,2023,23
388,24-01-2023,1643,$279,FALSE,FALSE,Jan,2023,24
389,25-01-2023,1512,$233,FALSE,FALSE,Jan,2023,25
390,26-01-2023,1480,$223,FALSE,FALSE,Jan,2023,26
391,27-01-2023,1436,$265,FALSE,FALSE,Jan,2023,27
392,28-01-2023,1553,$140,TRUE,FALSE,Jan,2023,28
393,29-01-2023,1671,$235,TRUE,FALSE,Jan,2023,29
394,30-01-2023,1752,$285,FALSE,FALSE,Jan,2023,30
395,31-01-2023,1465,$236,FALSE,FALSE,Jan,2023,31
396,01-02-2023,1329,$199,FALSE,FALSE,Feb,2023,1
397,02-02-2023,1318,$291,FALSE,FALSE,Feb,2023,2
398,03-02-2023,1316,$247,FALSE,FALSE,Feb,2023,3
399,04-02-2023,1430,$217,TRUE,FALSE,Feb,2023,4
400,05-02-2023,1735,$132,TRUE,FALSE,Feb,2023,5
401,06-02-2023,1770,$232,FALSE,FALSE,Feb,2023,6
402,07-02-2023,1577,$250,FALSE,FALSE,Feb,2023,7
403,08-02-2023,1466,$251,FALSE,FALSE,Feb,2023,8
404,09-02-2023,1210,$236,FALSE,FALSE,Feb,2023,9
405,10-02-2023,1338,$269,FALSE,FALSE,Feb,2023,10
406,11-02-2023,1455,$148,TRUE,FALSE,Feb,2023,11
407,12-02-2023,1512,$176,TRUE,FALSE,Feb,2023,12
408,13-02-2023,1715,$254,FALSE,FALSE,Feb,2023,13
409,14-02-2023,1533,$265,FALSE,FALSE,Feb,2023,14
410,15-02-2023,1509,$271,FALSE,FALSE,Feb,2023,15
411,16-02-2023,1379,$216,FALSE,FALSE,Feb,2023,16
412,17-02-2023,1294,$204,FALSE,FALSE,Feb,2023,17
413,18-02-2023,1686,$218,TRUE,FALSE,Feb,2023,18
414,19-02-2023,1761,$190,TRUE,FALSE,Feb,2023,19
415,20-02-2023,1743,$228,FALSE,FALSE,Feb,2023,20
416,21-02-2023,1581,$297,FALSE,FALSE,Feb,2023,21
417,22-02-2023,1333,$253,FALSE,FALSE,Feb,2023,22
418,23-02-2023,1296,$285,FALSE,FALSE,Feb,2023,23
419,24-02-2023,1495,$252,FALSE,FALSE,Feb,2023,24
420,25-02-2023,1691,$242,TRUE,FALSE,Feb,2023,25
421,26-02-2023,1841,$233,TRUE,FALSE,Feb,2023,26
422,27-02-2023,1699,$243,FALSE,FALSE,Feb,2023,27
423,28-02-2023,1535,$279,FALSE,FALSE,Feb,2023,28
424,01-03-2023,1459,$269,FALSE,FALSE,Mar,2023,1
425,02-03-2023,1205,$291,FALSE,FALSE,Mar,2023,2
426,03-03-2023,1435,$221,FALSE,FALSE,Mar,2023,3
427,04-03-2023,1549,$201,TRUE,FALSE,Mar,2023,4
428,05-03-2023,1695,$212,TRUE,FALSE,Mar,2023,5
429,06-03-2023,1603,$197,FALSE,FALSE,Mar,2023,6
430,07-03-2023,1652,$215,FALSE,FALSE,Mar,2023,7
431,08-03-2023,1403,$189,FALSE,FALSE,Mar,2023,8
432,09-03-2023,1237,$242,FALSE,FALSE,Mar,2023,9
433,10-03-2023,1151,$272,FALSE,FALSE,Mar,2023,10
434,11-03-2023,1521,$225,TRUE,FALSE,Mar,2023,11
435,12-03-2023,1854,$182,TRUE,FALSE,Mar,2023,12
436,13-03-2023,1903,$299,FALSE,FALSE,Mar,2023,13
437,14-03-2023,1599,$209,FALSE,FALSE,Mar,2023,14
438,15-03-2023,1389,$199,FALSE,FALSE,Mar,2023,15
439,16-03-2023,1438,$248,FALSE,FALSE,Mar,2023,16
440,17-03-2023,1306,$262,FALSE,FALSE,Mar,2023,17
441,18-03-2023,1562,$179,TRUE,FALSE,Mar,2023,18
442,19-03-2023,1787,$118,TRUE,FALSE,Mar,2023,19
443,20-03-2023,1871,$247,FALSE,FALSE,Mar,2023,20
444,21-03-2023,1608,$211,FALSE,FALSE,Mar,2023,21
445,22-03-2023,1391,$270,FALSE,FALSE,Mar,2023,22
446,23-03-2023,1307,$261,FALSE,FALSE,Mar,2023,23
447,24-03-2023,1329,$222,FALSE,FALSE,Mar,2023,24
448,25-03-2023,1570,$165,TRUE,FALSE,Mar,2023,25
449,26-03-2023,1770,$148,TRUE,FALSE,Mar,2023,26
450,27-03-2023,1829,$248,FALSE,FALSE,Mar,2023,27
451,28-03-2023,1550,$279,FALSE,FALSE,Mar,2023,28
452,29-03-2023,1552,$220,FALSE,FALSE,Mar,2023,29
453,30-03-2023,1363,$265,FALSE,FALSE,Mar,2023,30
454,31-03-2023,1441,$234,FALSE,FALSE,Mar,2023,31
455,01-04-2023,1505,$156,TRUE,FALSE,Apr,2023,1
456,02-04-2023,1555,$177,TRUE,FALSE,Apr,2023,2
457,03-04-2023,1840,$219,FALSE,FALSE,Apr,2023,3
458,04-04-2023,1674,$233,FALSE,FALSE,Apr,2023,4
459,05-04-2023,1432,$214,FALSE,FALSE,Apr,2023,5
460,06-04-2023,1378,$309,FALSE,FALSE,Apr,2023,6
461,07-04-2023,1461,$251,FALSE,FALSE,Apr,2023,7
462,08-04-2023,1440,$159,TRUE,FALSE,Apr,2023,8
463,09-04-2023,1737,$186,TRUE,FALSE,Apr,2023,9
464,10-04-2023,1847,$247,FALSE,FALSE,Apr,2023,10
465,11-04-2023,1520,$243,FALSE,FALSE,Apr,2023,11
466,12-04-2023,1488,$268,FALSE,FALSE,Apr,2023,12
467,13-04-2023,1284,$273,FALSE,FALSE,Apr,2023,13
468,14-04-2023,1467,$234,FALSE,FALSE,Apr,2023,14
469,15-04-2023,1598,$163,TRUE,FALSE,Apr,2023,15
470,16-04-2023,1631,$172,TRUE,FALSE,Apr,2023,16
471,17-04-2023,1870,$181,FALSE,FALSE,Apr,2023,17
472,18-04-2023,1567,$205,FALSE,FALSE,Apr,2023,18
473,19-04-2023,1393,$291,FALSE,FALSE,Apr,2023,19
474,20-04-2023,1371,$299,FALSE,FALSE,Apr,2023,20
475,21-04-2023,1500,$243,FALSE,FALSE,Apr,2023,21
476,22-04-2023,1535,$197,TRUE,FALSE,Apr,2023,22
477,23-04-2023,1783,$189,TRUE,FALSE,Apr,2023,23
478,24-04-2023,1817,$342,FALSE,FALSE,Apr,2023,24
479,25-04-2023,1703,$284,FALSE,FALSE,Apr,2023,25
480,26-04-2023,1483,$246,FALSE,FALSE,Apr,2023,26
481,27-04-2023,1424,$221,FALSE,FALSE,Apr,2023,27
482,28-04-2023,1390,$202,FALSE,FALSE,Apr,2023,28
483,29-04-2023,1597,$186,TRUE,FALSE,Apr,2023,29
484,30-04-2023,1646,$157,TRUE,FALSE,Apr,2023,30
485,01-05-2023,1525,$207,FALSE,FALSE,May,2023,1
486,02-05-2023,1676,$231,FALSE,FALSE,May,2023,2
487,03-05-2023,1522,$218,FALSE,FALSE,May,2023,3
488,04-05-2023,1182,$301,FALSE,FALSE,May,2023,4
489,05-05-2023,1343,$456,FALSE,FALSE,May,2023,5
490,06-05-2023,1622,$359,TRUE,FALSE,May,2023,6
491,07-05-2023,1943,$404,TRUE,FALSE,May,2023,7
492,08-05-2023,1911,$432,FALSE,FALSE,May,2023,8
493,09-05-2023,1685,$404,FALSE,FALSE,May,2023,9
494,10-05-2023,1581,$680,FALSE,FALSE,May,2023,10
495,11-05-2023,1614,$650,FALSE,FALSE,May,2023,11
496,12-05-2023,1474,$423,FALSE,FALSE,May,2023,12
497,13-05-2023,1783,$379,TRUE,FALSE,May,2023,13
498,14-05-2023,1947,$358,TRUE,FALSE,May,2023,14
499,15-05-2023,1811,$413,FALSE,FALSE,May,2023,15
500,16-05-2023,1762,$482,FALSE,FALSE,May,2023,16
501,17-05-2023,1696,$307,FALSE,FALSE,May,2023,17
502,18-05-2023,1516,$208,FALSE,FALSE,May,2023,18
503,19-05-2023,1550,$267,FALSE,FALSE,May,2023,19
504,20-05-2023,1597,$160,TRUE,FALSE,May,2023,20
505,21-05-2023,1592,$165,TRUE,FALSE,May,2023,21
506,22-05-2023,1861,$232,FALSE,FALSE,May,2023,22
507,23-05-2023,1611,$224,FALSE,FALSE,May,2023,23
508,24-05-2023,1432,$251,FALSE,FALSE,May,2023,24
509,25-05-2023,1633,$225,FALSE,FALSE,May,2023,25
510,26-05-2023,1435,$258,FALSE,FALSE,May,2023,26
511,27-05-2023,1523,$178,TRUE,FALSE,May,2023,27
512,28-05-2023,1689,$173,TRUE,FALSE,May,2023,28
513,29-05-2023,1872,$223,FALSE,FALSE,May,2023,29
514,30-05-2023,1633,$233,FALSE,FALSE,May,2023,30
515,31-05-2023,1331,$273,FALSE,FALSE,May,2023,31
516,01-06-2023,1441,$265,FALSE,FALSE,Jun,2023,1
517,02-06-2023,1358,$221,FALSE,FALSE,Jun,2023,2
518,03-06-2023,1741,$183,TRUE,FALSE,Jun,2023,3
519,04-06-2023,1828,$203,TRUE,FALSE,Jun,2023,4
520,05-06-2023,1717,$200,FALSE,FALSE,Jun,2023,5
521,06-06-2023,1724,$266,FALSE,FALSE,Jun,2023,6
522,07-06-2023,1464,$230,FALSE,FALSE,Jun,2023,7
523,08-06-2023,1416,$267,FALSE,FALSE,Jun,2023,8
524,09-06-2023,1464,$227,FALSE,FALSE,Jun,2023,9
525,10-06-2023,1492,$126,TRUE,FALSE,Jun,2023,10
526,11-06-2023,1686,$131,TRUE,FALSE,Jun,2023,11
527,12-06-2023,1833,$251,FALSE,FALSE,Jun,2023,12
528,13-06-2023,1554,$258,FALSE,FALSE,Jun,2023,13
529,14-06-2023,1377,$223,FALSE,FALSE,Jun,2023,14
530,15-06-2023,1296,$269,FALSE,FALSE,Jun,2023,15
531,16-06-2023,1448,$200,FALSE,FALSE,Jun,2023,16
532,17-06-2023,1714,$178,TRUE,FALSE,Jun,2023,17
533,18-06-2023,1647,$144,TRUE,FALSE,Jun,2023,18
534,19-06-2023,1730,$230,FALSE,FALSE,Jun,2023,19
535,20-06-2023,1719,$251,FALSE,FALSE,Jun,2023,20
536,21-06-2023,1404,$224,FALSE,FALSE,Jun,2023,21
537,22-06-2023,1390,$238,FALSE,FALSE,Jun,2023,22
538,23-06-2023,1319,$280,FALSE,FALSE,Jun,2023,23
539,24-06-2023,1577,$163,TRUE,FALSE,Jun,2023,24
540,25-06-2023,1692,$205,TRUE,FALSE,Jun,2023,25
541,26-06-2023,1848,$216,FALSE,FALSE,Jun,2023,26
542,27-06-2023,1685,$266,FALSE,FALSE,Jun,2023,27
543,28-06-2023,1648,$293,FALSE,FALSE,Jun,2023,28
544,29-06-2023,1385,$176,FALSE,FALSE,Jun,2023,29
545,30-06-2023,1432,$226,FALSE,FALSE,Jun,2023,30
546,01-07-2023,1593,$197,TRUE,FALSE,Jul,2023,1
547,02-07-2023,1634,$324,TRUE,FALSE,Jul,2023,2
548,03-07-2023,1757,$411,FALSE,FALSE,Jul,2023,3
549,04-07-2023,1580,$382,FALSE,TRUE,Jul,2023,4
550,05-07-2023,1519,$403,FALSE,FALSE,Jul,2023,5
551,06-07-2023,1554,$245,FALSE,FALSE,Jul,2023,6
552,07-07-2023,1388,$285,FALSE,FALSE,Jul,2023,7
553,08-07-2023,1727,$188,TRUE,FALSE,Jul,2023,8
554,09-07-2023,1803,$190,TRUE,FALSE,Jul,2023,9
555,10-07-2023,1749,$238,FALSE,FALSE,Jul,2023,10
556,11-07-2023,1421,$235,FALSE,FALSE,Jul,2023,11
557,12-07-2023,1369,$237,FALSE,FALSE,Jul,2023,12
558,13-07-2023,1441,$262,FALSE,FALSE,Jul,2023,13
559,14-07-2023,1372,$237,FALSE,FALSE,Jul,2023,14
560,15-07-2023,1450,$189,TRUE,FALSE,Jul,2023,15
561,16-07-2023,1660,$242,TRUE,FALSE,Jul,2023,16
562,17-07-2023,1791,$276,FALSE,FALSE,Jul,2023,17
563,18-07-2023,1629,$240,FALSE,FALSE,Jul,2023,18
564,19-07-2023,1423,$286,FALSE,FALSE,Jul,2023,19
565,20-07-2023,1324,$238,FALSE,FALSE,Jul,2023,20
566,21-07-2023,1339,$189,FALSE,FALSE,Jul,2023,21
567,22-07-2023,1479,$150,TRUE,FALSE,Jul,2023,22
568,23-07-2023,1809,$124,TRUE,FALSE,Jul,2023,23
569,24-07-2023,1662,$239,FALSE,FALSE,Jul,2023,24
570,25-07-2023,1653,$251,FALSE,FALSE,Jul,2023,25
571,26-07-2023,1487,$300,FALSE,FALSE,Jul,2023,26
572,27-07-2023,1406,$260,FALSE,FALSE,Jul,2023,27
573,28-07-2023,1336,$243,FALSE,FALSE,Jul,2023,28
574,29-07-2023,1588,$205,TRUE,FALSE,Jul,2023,29
575,30-07-2023,1685,$114,TRUE,FALSE,Jul,2023,30
576,31-07-2023,1642,$257,FALSE,FALSE,Jul,2023,31
577,01-08-2023,1609,$273,FALSE,FALSE,Aug,2023,1
578,02-08-2023,1259,$206,FALSE,FALSE,Aug,2023,2
579,03-08-2023,1426,$284,FALSE,FALSE,Aug,2023,3
580,04-08-2023,1341,$260,FALSE,FALSE,Aug,2023,4
581,05-08-2023,1509,$168,TRUE,FALSE,Aug,2023,5
582,06-08-2023,1719,$199,TRUE,FALSE,Aug,2023,6
583,07-08-2023,1699,$318,FALSE,FALSE,Aug,2023,7
584,08-08-2023,1602,$255,FALSE,FALSE,Aug,2023,8
585,09-08-2023,1362,$257,FALSE,FALSE,Aug,2023,9
586,10-08-2023,1432,$236,FALSE,FALSE,Aug,2023,10
587,11-08-2023,1255,$225,FALSE,FALSE,Aug,2023,11
588,12-08-2023,1530,$205,TRUE,FALSE,Aug,2023,12
589,13-08-2023,1818,$154,TRUE,FALSE,Aug,2023,13
590,14-08-2023,1614,$252,FALSE,FALSE,Aug,2023,14
591,15-08-2023,1519,$236,FALSE,FALSE,Aug,2023,15
592,16-08-2023,1410,$264,FALSE,FALSE,Aug,2023,16
593,17-08-2023,1333,$260,FALSE,FALSE,Aug,2023,17
594,18-08-2023,1375,$281,FALSE,FALSE,Aug,2023,18
595,19-08-2023,1560,$165,TRUE,FALSE,Aug,2023,19
596,20-08-2023,1724,$172,TRUE,FALSE,Aug,2023,20
597,21-08-2023,1813,$221,FALSE,FALSE,Aug,2023,21
598,22-08-2023,1579,$237,FALSE,FALSE,Aug,2023,22
599,23-08-2023,1357,$261,FALSE,FALSE,Aug,2023,23
600,24-08-2023,1351,$273,FALSE,FALSE,Aug,2023,24
601,25-08-2023,1497,$222,FALSE,FALSE,Aug,2023,25
602,26-08-2023,1505,$206,TRUE,FALSE,Aug,2023,26
603,27-08-2023,1601,$221,TRUE,FALSE,Aug,2023,27
604,28-08-2023,1776,$262,FALSE,FALSE,Aug,2023,28
605,29-08-2023,1559,$306,FALSE,FALSE,Aug,2023,29
606,30-08-2023,1230,$227,FALSE,FALSE,Aug,2023,30
607,31-08-2023,1388,$213,FALSE,FALSE,Aug,2023,31
608,01-09-2023,1342,$197,FALSE,FALSE,Sep,2023,1
609,02-09-2023,1487,$225,TRUE,FALSE,Sep,2023,2
610,03-09-2023,1668,$200,TRUE,FALSE,Sep,2023,3
611,04-09-2023,1686,$248,FALSE,FALSE,Sep,2023,4
612,05-09-2023,1636,$258,FALSE,FALSE,Sep,2023,5
613,06-09-2023,1356,$216,FALSE,FALSE,Sep,2023,6
614,07-09-2023,1353,$323,FALSE,FALSE,Sep,2023,7
615,08-09-2023,1335,$254,FALSE,FALSE,Sep,2023,8
616,09-09-2023,1546,$183,TRUE,FALSE,Sep,2023,9
617,10-09-2023,1757,$202,TRUE,FALSE,Sep,2023,10
618,11-09-2023,1630,$264,FALSE,FALSE,Sep,2023,11
619,12-09-2023,1642,$257,FALSE,FALSE,Sep,2023,12
620,13-09-2023,1350,$226,FALSE,FALSE,Sep,2023,13
621,14-09-2023,1387,$264,FALSE,FALSE,Sep,2023,14
622,15-09-2023,1386,$306,FALSE,FALSE,Sep,2023,15
623,16-09-2023,1642,$220,TRUE,FALSE,Sep,2023,16
624,17-09-2023,1656,$228,TRUE,FALSE,Sep,2023,17
625,18-09-2023,1710,$235,FALSE,FALSE,Sep,2023,18
626,19-09-2023,1577,$220,FALSE,FALSE,Sep,2023,19
627,20-09-2023,1386,$246,FALSE,FALSE,Sep,2023,20
628,21-09-2023,1370,$252,FALSE,FALSE,Sep,2023,21
629,22-09-2023,1207,$283,FALSE,FALSE,Sep,2023,22
630,23-09-2023,1425,$129,TRUE,FALSE,Sep,2023,23
631,24-09-2023,1584,$226,TRUE,FALSE,Sep,2023,24
632,25-09-2023,1803,$245,FALSE,FALSE,Sep,2023,25
633,26-09-2023,1664,$237,FALSE,FALSE,Sep,2023,26
634,27-09-2023,1404,$220,FALSE,FALSE,Sep,2023,27
635,28-09-2023,1303,$200,FALSE,FALSE,Sep,2023,28
636,29-09-2023,1356,$275,FALSE,FALSE,Sep,2023,29
637,30-09-2023,1590,$182,TRUE,FALSE,Sep,2023,30
638,01-10-2023,1569,$141,TRUE,FALSE,Oct,2023,1
639,02-10-2023,1746,$211,FALSE,FALSE,Oct,2023,2
640,03-10-2023,1642,$240,FALSE,FALSE,Oct,2023,3
641,04-10-2023,1406,$300,FALSE,FALSE,Oct,2023,4
642,05-10-2023,1316,$242,FALSE,FALSE,Oct,2023,5
643,06-10-2023,1438,$205,FALSE,FALSE,Oct,2023,6
644,07-10-2023,1335,$173,TRUE,FALSE,Oct,2023,7
645,08-10-2023,1728,$172,TRUE,FALSE,Oct,2023,8
646,09-10-2023,1638,$169,FALSE,FALSE,Oct,2023,9
647,10-10-2023,1418,$248,FALSE,FALSE,Oct,2023,10
648,11-10-2023,1432,$243,FALSE,FALSE,Oct,2023,11
649,12-10-2023,1392,$271,FALSE,FALSE,Oct,2023,12
650,13-10-2023,1358,$305,FALSE,FALSE,Oct,2023,13
651,14-10-2023,1600,$214,TRUE,FALSE,Oct,2023,14
652,15-10-2023,1827,$172,TRUE,FALSE,Oct,2023,15
653,16-10-2023,1864,$217,FALSE,FALSE,Oct,2023,16
654,17-10-2023,1727,$327,FALSE,FALSE,Oct,2023,17
655,18-10-2023,1458,$252,FALSE,FALSE,Oct,2023,18
656,19-10-2023,1325,$250,FALSE,FALSE,Oct,2023,19
657,20-10-2023,1297,$249,FALSE,FALSE,Oct,2023,20
658,21-10-2023,1518,$186,TRUE,FALSE,Oct,2023,21
659,22-10-2023,1627,$176,TRUE,FALSE,Oct,2023,22
660,23-10-2023,1907,$233,FALSE,FALSE,Oct,2023,23
661,24-10-2023,1574,$234,FALSE,FALSE,Oct,2023,24
662,25-10-2023,1420,$249,FALSE,FALSE,Oct,2023,25
663,26-10-2023,1382,$234,FALSE,FALSE,Oct,2023,26
664,27-10-2023,1382,$229,FALSE,FALSE,Oct,2023,27
665,28-10-2023,1681,$183,TRUE,FALSE,Oct,2023,28
666,29-10-2023,1644,$172,TRUE,FALSE,Oct,2023,29
667,30-10-2023,1747,$295,FALSE,FALSE,Oct,2023,30
668,31-10-2023,1538,$170,FALSE,FALSE,Oct,2023,31
669,01-11-2023,1313,$283,FALSE,FALSE,Nov,2023,1
670,02-11-2023,1337,$287,FALSE,FALSE,Nov,2023,2
671,03-11-2023,1348,$188,FALSE,FALSE,Nov,2023,3
672,04-11-2023,1542,$170,TRUE,FALSE,Nov,2023,4
673,05-11-2023,1682,$169,TRUE,FALSE,Nov,2023,5
674,06-11-2023,1605,$208,FALSE,FALSE,Nov,2023,6
675,07-11-2023,1594,$227,FALSE,FALSE,Nov,2023,7
676,08-11-2023,1308,$217,FALSE,FALSE,Nov,2023,8
677,09-11-2023,1406,$303,FALSE,FALSE,Nov,2023,9
678,10-11-2023,1404,$278,FALSE,FALSE,Nov,2023,10
679,11-11-2023,1433,$218,TRUE,FALSE,Nov,2023,11
680,12-11-2023,1734,$202,TRUE,FALSE,Nov,2023,12
681,13-11-2023,1724,$216,FALSE,FALSE,Nov,2023,13
682,14-11-2023,1668,$234,FALSE,FALSE,Nov,2023,14
683,15-11-2023,1568,$265,FALSE,FALSE,Nov,2023,15
684,16-11-2023,1213,$213,FALSE,FALSE,Nov,2023,16
685,17-11-2023,1424,$271,FALSE,FALSE,Nov,2023,17
686,18-11-2023,1578,$173,TRUE,FALSE,Nov,2023,18
687,19-11-2023,1773,$169,TRUE,FALSE,Nov,2023,19
688,20-11-2023,1811,$271,FALSE,FALSE,Nov,2023,20
689,21-11-2023,1569,$263,FALSE,FALSE,Nov,2023,21
690,22-11-2023,1430,$347,FALSE,FALSE,Nov,2023,22
691,23-11-2023,1347,$393,FALSE,FALSE,Nov,2023,23
692,24-11-2023,1532,$326,FALSE,FALSE,Nov,2023,24
693,25-11-2023,1657,$307,TRUE,FALSE,Nov,2023,25
694,26-11-2023,1993,$456,TRUE,FALSE,Nov,2023,26
695,27-11-2023,1837,$499,FALSE,FALSE,Nov,2023,27
696,28-11-2023,1667,$518,FALSE,TRUE,Nov,2023,28
697,29-11-2023,1521,$362,FALSE,FALSE,Nov,2023,29
698,30-11-2023,1418,$278,FALSE,FALSE,Nov,2023,30
699,01-12-2023,1488,$244,FALSE,FALSE,Dec,2023,1
700,02-12-2023,1701,$164,TRUE,FALSE,Dec,2023,2
701,03-12-2023,1828,$211,TRUE,FALSE,Dec,2023,3
702,04-12-2023,1682,$229,FALSE,FALSE,Dec,2023,4
703,05-12-2023,1726,$208,FALSE,FALSE,Dec,2023,5
704,06-12-2023,1473,$203,FALSE,FALSE,Dec,2023,6
705,07-12-2023,1427,$268,FALSE,FALSE,Dec,2023,7
706,08-12-2023,1573,$212,FALSE,FALSE,Dec,2023,8
707,09-12-2023,1672,$233,TRUE,FALSE,Dec,2023,9
708,10-12-2023,1776,$118,TRUE,FALSE,Dec,2023,10
709,11-12-2023,1733,$301,FALSE,FALSE,Dec,2023,11
710,12-12-2023,1539,$256,FALSE,FALSE,Dec,2023,12
711,13-12-2023,1414,$247,FALSE,FALSE,Dec,2023,13
712,14-12-2023,1458,$234,FALSE,FALSE,Dec,2023,14
713,15-12-2023,1411,$262,FALSE,FALSE,Dec,2023,15
714,16-12-2023,1632,$179,TRUE,FALSE,Dec,2023,16
715,17-12-2023,1800,$213,TRUE,FALSE,Dec,2023,17
716,18-12-2023,1833,$253,FALSE,FALSE,Dec,2023,18
717,19-12-2023,1644,$255,FALSE,FALSE,Dec,2023,19
718,20-12-2023,1559,$239,FALSE,FALSE,Dec,2023,20
719,21-12-2023,1499,$248,FALSE,FALSE,Dec,2023,21
720,22-12-2023,1418,$259,FALSE,FALSE,Dec,2023,22
721,23-12-2023,1768,$279,TRUE,FALSE,Dec,2023,23
722,24-12-2023,1811,$290,TRUE,FALSE,Dec,2023,24
723,25-12-2023,1868,$422,FALSE,TRUE,Dec,2023,25
724,26-12-2023,1829,$405,FALSE,FALSE,Dec,2023,26
725,27-12-2023,1627,$244,FALSE,FALSE,Dec,2023,27
726,28-12-2023,1658,$251,FALSE,FALSE,Dec,2023,28
727,29-12-2023,1636,$260,FALSE,FALSE,Dec,2023,29
728,30-12-2023,1626,$314,TRUE,FALSE,Dec,2023,30
729,31-12-2023,1866,$307,TRUE,FALSE,Dec,2023,31
730,01-01-2024,1793,$406,FALSE,TRUE,Jan,2024,1
731,02-01-2024,1820,$371,FALSE,FALSE,Jan,2024,2
732,03-01-2024,1633,$262,FALSE,FALSE,Jan,2024,3
733,04-01-2024,1573,$199,FALSE,FALSE,Jan,2024,4
734,05-01-2024,1599,$281,FALSE,FALSE,Jan,2024,5
735,06-01-2024,1552,$194,TRUE,FALSE,Jan,2024,6
736,07-01-2024,1780,$188,TRUE,FALSE,Jan,2024,7
737,08-01-2024,1921,$279,FALSE,FALSE,Jan,2024,8
738,09-01-2024,1769,$300,FALSE,FALSE,Jan,2024,9
739,10-01-2024,1499,$280,FALSE,FALSE,Jan,2024,10
740,11-01-2024,1632,$195,FALSE,FALSE,Jan,2024,11
741,12-01-2024,1515,$212,FALSE,FALSE,Jan,2024,12
742,13-01-2024,1808,$161,TRUE,FALSE,Jan,2024,13
743,14-01-2024,1872,$181,TRUE,FALSE,Jan,2024,14
744,15-01-2024,1838,$266,FALSE,FALSE,Jan,2024,15
745,16-01-2024,1895,$228,FALSE,FALSE,Jan,2024,16
746,17-01-2024,1498,$256,FALSE,FALSE,Jan,2024,17
747,18-01-2024,1612,$227,FALSE,FALSE,Jan,2024,18
748,19-01-2024,1638,$232,FALSE,FALSE,Jan,2024,19
749,20-01-2024,1679,$138,TRUE,FALSE,Jan,2024,20
750,21-01-2024,1986,$152,TRUE,FALSE,Jan,2024,21
751,22-01-2024,1898,$209,FALSE,FALSE,Jan,2024,22
752,23-01-2024,1779,$221,FALSE,FALSE,Jan,2024,23
753,24-01-2024,1614,$282,FALSE,FALSE,Jan,2024,24
754,25-01-2024,1511,$222,FALSE,FALSE,Jan,2024,25
755,26-01-2024,1634,$329,FALSE,FALSE,Jan,2024,26
756,27-01-2024,1828,$195,TRUE,FALSE,Jan,2024,27
757,28-01-2024,1747,$186,TRUE,FALSE,Jan,2024,28
758,29-01-2024,2097,$224,FALSE,FALSE,Jan,2024,29
759,30-01-2024,1673,$271,FALSE,FALSE,Jan,2024,30
760,31-01-2024,1712,$233,FALSE,FALSE,Jan,2024,31
761,01-02-2024,1637,$254,FALSE,FALSE,Feb,2024,1
762,02-02-2024,1528,$327,FALSE,FALSE,Feb,2024,2
763,03-02-2024,1718,$177,TRUE,FALSE,Feb,2024,3
764,04-02-2024,1834,$214,TRUE,FALSE,Feb,2024,4
765,05-02-2024,1989,$229,FALSE,FALSE,Feb,2024,5
766,06-02-2024,1786,$249,FALSE,FALSE,Feb,2024,6
767,07-02-2024,1724,$303,FALSE,FALSE,Feb,2024,7
768,08-02-2024,1669,$231,FALSE,FALSE,Feb,2024,8
769,09-02-2024,1729,$304,FALSE,FALSE,Feb,2024,9
770,10-02-2024,1763,$201,TRUE,FALSE,Feb,2024,10
771,11-02-2024,1906,$163,TRUE,FALSE,Feb,2024,11
772,12-02-2024,1873,$269,FALSE,FALSE,Feb,2024,12
773,13-02-2024,1775,$279,FALSE,FALSE,Feb,2024,13
774,14-02-2024,1722,$269,FALSE,FALSE,Feb,2024,14
775,15-02-2024,1732,$203,FALSE,FALSE,Feb,2024,15
776,16-02-2024,1550,$228,FALSE,FALSE,Feb,2024,16
777,17-02-2024,1754,$173,TRUE,FALSE,Feb,2024,17
778,18-02-2024,1918,$178,TRUE,FALSE,Feb,2024,18
779,19-02-2024,1998,$269,FALSE,FALSE,Feb,2024,19
780,20-02-2024,1771,$255,FALSE,FALSE,Feb,2024,20
781,21-02-2024,1701,$210,FALSE,FALSE,Feb,2024,21
782,22-02-2024,1578,$261,FALSE,FALSE,Feb,2024,22
783,23-02-2024,1647,$268,FALSE,FALSE,Feb,2024,23
784,24-02-2024,1823,$197,TRUE,FALSE,Feb,2024,24
785,25-02-2024,1968,$212,TRUE,FALSE,Feb,2024,25
786,26-02-2024,1977,$275,FALSE,FALSE,Feb,2024,26
787,27-02-2024,1854,$264,FALSE,FALSE,Feb,2024,27
788,28-02-2024,1693,$248,FALSE,FALSE,Feb,2024,28
789,29-02-2024,1602,$200,FALSE,FALSE,Feb,2024,29
790,01-03-2024,1644,$263,FALSE,FALSE,Mar,2024,1
791,02-03-2024,1941,$186,TRUE,FALSE,Mar,2024,2
792,03-03-2024,1988,$188,TRUE,FALSE,Mar,2024,3
793,04-03-2024,1997,$212,FALSE,FALSE,Mar,2024,4
794,05-03-2024,1924,$218,FALSE,FALSE,Mar,2024,5
795,06-03-2024,1670,$282,FALSE,FALSE,Mar,2024,6
796,07-03-2024,1698,$249,FALSE,FALSE,Mar,2024,7
797,08-03-2024,1677,$270,FALSE,FALSE,Mar,2024,8
798,09-03-2024,1835,$181,TRUE,FALSE,Mar,2024,9
799,10-03-2024,2018,$181,TRUE,FALSE,Mar,2024,10
800,11-03-2024,1909,$278,FALSE,FALSE,Mar,2024,11
801,12-03-2024,1784,$235,FALSE,FALSE,Mar,2024,12
802,13-03-2024,1607,$253,FALSE,FALSE,Mar,2024,13
803,14-03-2024,1665,$236,FALSE,FALSE,Mar,2024,14
804,15-03-2024,1806,$237,FALSE,FALSE,Mar,2024,15
805,16-03-2024,2014,$171,TRUE,FALSE,Mar,2024,16
806,17-03-2024,2035,$187,TRUE,FALSE,Mar,2024,17
807,18-03-2024,2064,$236,FALSE,FALSE,Mar,2024,18
808,19-03-2024,1733,$288,FALSE,FALSE,Mar,2024,19
809,20-03-2024,1671,$223,FALSE,FALSE,Mar,2024,20
810,21-03-2024,1573,$244,FALSE,FALSE,Mar,2024,21
811,22-03-2024,1658,$237,FALSE,FALSE,Mar,2024,22
812,23-03-2024,1812,$223,TRUE,FALSE,Mar,2024,23
813,24-03-2024,1958,$186,TRUE,FALSE,Mar,2024,24
814,25-03-2024,1873,$281,FALSE,FALSE,Mar,2024,25
815,26-03-2024,1976,$205,FALSE,FALSE,Mar,2024,26
816,27-03-2024,1635,$258,FALSE,FALSE,Mar,2024,27
817,28-03-2024,1689,$277,FALSE,FALSE,Mar,2024,28
818,29-03-2024,1830,$252,FALSE,FALSE,Mar,2024,29
819,30-03-2024,1780,$212,TRUE,FALSE,Mar,2024,30
820,31-03-2024,1819,$164,TRUE,FALSE,Mar,2024,31
821,01-04-2024,2023,$292,FALSE,FALSE,Apr,2024,1
822,02-04-2024,2003,$319,FALSE,FALSE,Apr,2024,2
823,03-04-2024,1870,$239,FALSE,FALSE,Apr,2024,3
824,04-04-2024,1584,$237,FALSE,FALSE,Apr,2024,4
825,05-04-2024,1777,$294,FALSE,FALSE,Apr,2024,5
826,06-04-2024,1809,$227,TRUE,FALSE,Apr,2024,6
827,07-04-2024,1994,$164,TRUE,FALSE,Apr,2024,7
828,08-04-2024,2287,$237,FALSE,FALSE,Apr,2024,8
829,09-04-2024,1808,$242,FALSE,FALSE,Apr,2024,9
830,10-04-2024,1737,$210,FALSE,FALSE,Apr,2024,10
831,11-04-2024,1691,$222,FALSE,FALSE,Apr,2024,11
832,12-04-2024,1782,$220,FALSE,FALSE,Apr,2024,12
833,13-04-2024,1840,$157,TRUE,FALSE,Apr,2024,13
834,14-04-2024,2021,$179,TRUE,FALSE,Apr,2024,14
835,15-04-2024,2003,$257,FALSE,FALSE,Apr,2024,15
836,16-04-2024,1910,$417,FALSE,FALSE,Apr,2024,16
837,17-04-2024,1701,$341,FALSE,FALSE,Apr,2024,17
838,18-04-2024,1717,$400,FALSE,FALSE,Apr,2024,18
839,19-04-2024,1773,$364,FALSE,FALSE,Apr,2024,19
840,20-04-2024,1943,$299,TRUE,FALSE,Apr,2024,20
841,21-04-2024,2103,$321,TRUE,FALSE,Apr,2024,21
842,22-04-2024,2212,$337,FALSE,FALSE,Apr,2024,22
843,23-04-2024,1971,$261,FALSE,FALSE,Apr,2024,23
844,24-04-2024,1673,$255,FALSE,FALSE,Apr,2024,24
845,25-04-2024,1817,$265,FALSE,FALSE,Apr,2024,25
846,26-04-2024,1637,$259,FALSE,FALSE,Apr,2024,26
847,27-04-2024,1810,$254,TRUE,FALSE,Apr,2024,27
848,28-04-2024,1977,$161,TRUE,FALSE,Apr,2024,28
849,29-04-2024,2169,$234,FALSE,FALSE,Apr,2024,29
850,30-04-2024,1777,$231,FALSE,FALSE,Apr,2024,30
851,01-05-2024,1970,$233,FALSE,FALSE,May,2024,1
852,02-05-2024,1739,$231,FALSE,FALSE,May,2024,2
853,03-05-2024,1709,$286,FALSE,FALSE,May,2024,3
854,04-05-2024,1844,$223,TRUE,FALSE,May,2024,4
855,05-05-2024,2026,$163,TRUE,FALSE,May,2024,5
856,06-05-2024,2116,$225,FALSE,FALSE,May,2024,6
857,07-05-2024,1980,$264,FALSE,FALSE,May,2024,7
858,08-05-2024,1763,$233,FALSE,FALSE,May,2024,8
859,09-05-2024,1654,$269,FALSE,FALSE,May,2024,9
860,10-05-2024,1693,$256,FALSE,FALSE,May,2024,10
861,11-05-2024,1834,$135,TRUE,FALSE,May,2024,11
862,12-05-2024,2008,$226,TRUE,FALSE,May,2024,12
863,13-05-2024,2145,$304,FALSE,FALSE,May,2024,13
864,14-05-2024,1920,$232,FALSE,FALSE,May,2024,14
865,15-05-2024,1519,$238,FALSE,FALSE,May,2024,15
866,16-05-2024,1744,$259,FALSE,FALSE,May,2024,16
867,17-05-2024,1702,$260,FALSE,FALSE,May,2024,17
868,18-05-2024,1845,$200,TRUE,FALSE,May,2024,18
869,19-05-2024,1983,$240,TRUE,FALSE,May,2024,19
870,20-05-2024,2143,$245,FALSE,FALSE,May,2024,20
871,21-05-2024,1984,$226,FALSE,FALSE,May,2024,21
872,22-05-2024,1697,$209,FALSE,FALSE,May,2024,22
873,23-05-2024,1685,$228,FALSE,FALSE,May,2024,23
874,24-05-2024,1602,$249,FALSE,FALSE,May,2024,24
875,25-05-2024,1714,$234,TRUE,FALSE,May,2024,25
876,26-05-2024,1942,$164,TRUE,FALSE,May,2024,26
877,27-05-2024,2111,$257,FALSE,FALSE,May,2024,27
878,28-05-2024,2001,$250,FALSE,FALSE,May,2024,28
879,29-05-2024,1750,$286,FALSE,FALSE,May,2024,29
880,30-05-2024,1713,$326,FALSE,FALSE,May,2024,30
881,31-05-2024,1730,$234,FALSE,FALSE,May,2024,31
882,01-06-2024,1815,$165,TRUE,FALSE,Jun,2024,1
883,02-06-2024,2080,$211,TRUE,FALSE,Jun,2024,2
884,03-06-2024,2092,$270,FALSE,FALSE,Jun,2024,3
885,04-06-2024,1938,$305,FALSE,FALSE,Jun,2024,4
886,05-06-2024,1826,$268,FALSE,FALSE,Jun,2024,5
887,06-06-2024,1714,$239,FALSE,FALSE,Jun,2024,6
888,07-06-2024,1745,$268,FALSE,FALSE,Jun,2024,7
889,08-06-2024,1935,$213,TRUE,FALSE,Jun,2024,8
890,09-06-2024,1986,$205,TRUE,FALSE,Jun,2024,9
891,10-06-2024,1972,$265,FALSE,FALSE,Jun,2024,10
892,11-06-2024,1888,$282,FALSE,FALSE,Jun,2024,11
893,12-06-2024,1662,$285,FALSE,FALSE,Jun,2024,12
894,13-06-2024,1595,$291,FALSE,FALSE,Jun,2024,13
895,14-06-2024,1685,$269,FALSE,FALSE,Jun,2024,14
896,15-06-2024,1790,$175,TRUE,FALSE,Jun,2024,15
897,16-06-2024,1988,$184,TRUE,FALSE,Jun,2024,16
898,17-06-2024,1886,$286,FALSE,FALSE,Jun,2024,17
899,18-06-2024,1889,$225,FALSE,FALSE,Jun,2024,18
900,19-06-2024,1703,$261,FALSE,FALSE,Jun,2024,19
901,20-06-2024,1589,$238,FALSE,FALSE,Jun,2024,20
902,21-06-2024,1709,$251,FALSE,FALSE,Jun,2024,21
903,22-06-2024,1908,$218,TRUE,FALSE,Jun,2024,22
904,23-06-2024,1846,$186,TRUE,FALSE,Jun,2024,23
905,24-06-2024,1959,$251,FALSE,FALSE,Jun,2024,24
906,25-06-2024,1829,$209,FALSE,FALSE,Jun,2024,25
907,26-06-2024,1622,$272,FALSE,FALSE,Jun,2024,26
908,27-06-2024,1693,$269,FALSE,FALSE,Jun,2024,27
909,28-06-2024,1624,$315,FALSE,FALSE,Jun,2024,28
910,29-06-2024,1811,$171,TRUE,FALSE,Jun,2024,29
911,30-06-2024,1826,$187,TRUE,FALSE,Jun,2024,30
912,01-07-2024,2102,$257,FALSE,FALSE,Jul,2024,1
913,02-07-2024,1756,$447,FALSE,FALSE,Jul,2024,2
914,03-07-2024,1695,$397,FALSE,FALSE,Jul,2024,3
915,04-07-2024,1646,$408,FALSE,TRUE,Jul,2024,4
916,05-07-2024,1884,$418,FALSE,FALSE,Jul,2024,5
917,06-07-2024,1796,$186,TRUE,FALSE,Jul,2024,6
918,07-07-2024,1821,$400,TRUE,FALSE,Jul,2024,7
919,08-07-2024,2121,$489,FALSE,FALSE,Jul,2024,8
920,09-07-2024,2001,$516,FALSE,FALSE,Jul,2024,9
921,10-07-2024,1911,$453,FALSE,FALSE,Jul,2024,10
922,11-07-2024,1773,$487,FALSE,FALSE,Jul,2024,11
923,12-07-2024,1770,$462,FALSE,FALSE,Jul,2024,12
924,13-07-2024,1992,$449,TRUE,FALSE,Jul,2024,13
925,14-07-2024,2025,$134,TRUE,FALSE,Jul,2024,14
926,15-07-2024,2164,$233,FALSE,FALSE,Jul,2024,15
927,16-07-2024,2049,$261,FALSE,FALSE,Jul,2024,16
928,17-07-2024,1730,$297,FALSE,FALSE,Jul,2024,17
929,18-07-2024,1816,$248,FALSE,FALSE,Jul,2024,18
930,19-07-2024,1682,$233,FALSE,FALSE,Jul,2024,19
931,20-07-2024,1786,$236,TRUE,FALSE,Jul,2024,20
932,21-07-2024,1951,$137,TRUE,FALSE,Jul,2024,21
933,22-07-2024,1841,$184,FALSE,FALSE,Jul,2024,22
934,23-07-2024,1819,$263,FALSE,FALSE,Jul,2024,23
935,24-07-2024,1608,$235,FALSE,FALSE,Jul,2024,24
936,25-07-2024,1518,$219,FALSE,FALSE,Jul,2024,25
937,26-07-2024,1657,$271,FALSE,FALSE,Jul,2024,26
938,27-07-2024,1718,$187,TRUE,FALSE,Jul,2024,27
939,28-07-2024,2020,$163,TRUE,FALSE,Jul,2024,28
940,29-07-2024,1999,$212,FALSE,FALSE,Jul,2024,29
941,30-07-2024,1839,$276,FALSE,FALSE,Jul,2024,30
942,31-07-2024,1624,$270,FALSE,FALSE,Jul,2024,31
943,01-08-2024,1583,$247,FALSE,FALSE,Aug,2024,1
944,02-08-2024,1713,$305,FALSE,FALSE,Aug,2024,2
945,03-08-2024,1730,$148,TRUE,FALSE,Aug,2024,3
946,04-08-2024,1889,$134,TRUE,FALSE,Aug,2024,4
947,05-08-2024,1990,$229,FALSE,FALSE,Aug,2024,5
948,06-08-2024,1703,$249,FALSE,FALSE,Aug,2024,6
949,07-08-2024,1563,$257,FALSE,FALSE,Aug,2024,7
950,08-08-2024,1538,$243,FALSE,FALSE,Aug,2024,8
951,09-08-2024,1696,$261,FALSE,FALSE,Aug,2024,9
952,10-08-2024,1808,$142,TRUE,FALSE,Aug,2024,10
953,11-08-2024,1950,$223,TRUE,FALSE,Aug,2024,11
954,12-08-2024,2051,$248,FALSE,FALSE,Aug,2024,12
955,13-08-2024,1792,$284,FALSE,FALSE,Aug,2024,13
956,14-08-2024,1709,$260,FALSE,FALSE,Aug,2024,14
957,15-08-2024,1575,$264,FALSE,FALSE,Aug,2024,15
958,16-08-2024,1664,$267,FALSE,FALSE,Aug,2024,16
959,17-08-2024,1738,$193,TRUE,FALSE,Aug,2024,17
960,18-08-2024,1748,$199,TRUE,FALSE,Aug,2024,18
961,19-08-2024,1972,$290,FALSE,FALSE,Aug,2024,19
962,20-08-2024,1944,$256,FALSE,FALSE,Aug,2024,20
963,21-08-2024,1734,$271,FALSE,FALSE,Aug,2024,21
964,22-08-2024,1683,$247,FALSE,FALSE,Aug,2024,22
965,23-08-2024,1723,$293,FALSE,FALSE,Aug,2024,23
966,24-08-2024,1796,$160,TRUE,FALSE,Aug,2024,24
967,25-08-2024,1946,$234,TRUE,FALSE,Aug,2024,25
968,26-08-2024,1947,$249,FALSE,FALSE,Aug,2024,26
969,27-08-2024,1783,$207,FALSE,FALSE,Aug,2024,27
970,28-08-2024,1728,$254,FALSE,FALSE,Aug,2024,28
971,29-08-2024,1675,$230,FALSE,FALSE,Aug,2024,29
972,30-08-2024,1581,$275,FALSE,FALSE,Aug,2024,30
973,31-08-2024,1741,$160,TRUE,FALSE,Aug,2024,31
974,01-09-2024,1919,$167,TRUE,FALSE,Sep,2024,1
975,02-09-2024,2033,$193,FALSE,FALSE,Sep,2024,2
976,03-09-2024,1692,$236,FALSE,FALSE,Sep,2024,3
977,04-09-2024,1454,$177,FALSE,FALSE,Sep,2024,4
978,05-09-2024,1501,$202,FALSE,FALSE,Sep,2024,5
979,06-09-2024,1512,$273,FALSE,FALSE,Sep,2024,6
980,07-09-2024,1690,$204,TRUE,FALSE,Sep,2024,7
981,08-09-2024,1890,$193,TRUE,FALSE,Sep,2024,8
982,09-09-2024,1947,$221,FALSE,FALSE,Sep,2024,9
983,10-09-2024,1950,$249,FALSE,FALSE,Sep,2024,10
984,11-09-2024,1680,$250,FALSE,FALSE,Sep,2024,11
985,12-09-2024,1586,$215,FALSE,FALSE,Sep,2024,12
986,13-09-2024,1668,$295,FALSE,FALSE,Sep,2024,13
987,14-09-2024,1684,$206,TRUE,FALSE,Sep,2024,14
988,15-09-2024,1994,$173,TRUE,FALSE,Sep,2024,15
989,16-09-2024,1992,$251,FALSE,FALSE,Sep,2024,16
990,17-09-2024,1890,$256,FALSE,FALSE,Sep,2024,17
991,18-09-2024,1558,$189,FALSE,FALSE,Sep,2024,18
992,19-09-2024,1458,$243,FALSE,FALSE,Sep,2024,19
993,20-09-2024,1690,$230,FALSE,FALSE,Sep,2024,20
994,21-09-2024,1771,$150,TRUE,FALSE,Sep,2024,21
995,22-09-2024,1858,$172,TRUE,FALSE,Sep,2024,22
996,23-09-2024,1892,$304,FALSE,FALSE,Sep,2024,23
997,24-09-2024,1896,$269,FALSE,FALSE,Sep,2024,24
998,25-09-2024,1551,$233,FALSE,FALSE,Sep,2024,25
999,26-09-2024,1749,$267,FALSE,FALSE,Sep,2024,26
1000,27-09-2024,1564,$292,FALSE,FALSE,Sep,2024,27
1001,28-09-2024,1822,$208,TRUE,FALSE,Sep,2024,28
1002,29-09-2024,1922,$182,TRUE,FALSE,Sep,2024,29
1003,30-09-2024,2051,$231,FALSE,FALSE,Sep,2024,30
1004,01-10-2024,1801,$271,FALSE,FALSE,Oct,2024,1
1005,02-10-2024,1644,$262,FALSE,FALSE,Oct,2024,2
1006,03-10-2024,1582,$277,FALSE,FALSE,Oct,2024,3
1007,04-10-2024,1562,$269,FALSE,FALSE,Oct,2024,4
1008,05-10-2024,1853,$211,TRUE,FALSE,Oct,2024,5
1009,06-10-2024,1919,$164,TRUE,FALSE,Oct,2024,6
1010,07-10-2024,1977,$290,FALSE,FALSE,Oct,2024,7
1011,08-10-2024,1774,$256,FALSE,FALSE,Oct,2024,8
1012,09-10-2024,1447,$312,FALSE,FALSE,Oct,2024,9
1013,10-10-2024,1605,$229,FALSE,FALSE,Oct,2024,10
1014,11-10-2024,1833,$302,FALSE,FALSE,Oct,2024,11
1015,12-10-2024,1894,$186,TRUE,FALSE,Oct,2024,12
1016,13-10-2024,1937,$160,TRUE,FALSE,Oct,2024,13
1017,14-10-2024,2001,$235,FALSE,FALSE,Oct,2024,14
1018,15-10-2024,1847,$240,FALSE,FALSE,Oct,2024,15
1019,16-10-2024,1701,$263,FALSE,FALSE,Oct,2024,16
1020,17-10-2024,1501,$266,FALSE,FALSE,Oct,2024,17
1021,18-10-2024,1727,$233,FALSE,FALSE,Oct,2024,18
1022,19-10-2024,1866,$179,TRUE,FALSE,Oct,2024,19
1023,20-10-2024,2026,$244,TRUE,FALSE,Oct,2024,20
1024,21-10-2024,2024,$302,FALSE,FALSE,Oct,2024,21
1025,22-10-2024,1851,$263,FALSE,FALSE,Oct,2024,22
1026,23-10-2024,1770,$251,FALSE,FALSE,Oct,2024,23
1027,24-10-2024,1692,$254,FALSE,FALSE,Oct,2024,24
1028,25-10-2024,1633,$268,FALSE,FALSE,Oct,2024,25
1029,26-10-2024,1766,$149,TRUE,FALSE,Oct,2024,26
1030,27-10-2024,1979,$172,TRUE,FALSE,Oct,2024,27
1031,28-10-2024,2144,$200,FALSE,FALSE,Oct,2024,28
1032,29-10-2024,1743,$262,FALSE,FALSE,Oct,2024,29
1033,30-10-2024,1566,$269,FALSE,FALSE,Oct,2024,30
1034,31-10-2024,1607,$236,FALSE,FALSE,Oct,2024,31
1035,01-11-2024,1675,$297,FALSE,FALSE,Nov,2024,1
1036,02-11-2024,1847,$143,TRUE,FALSE,Nov,2024,2
1037,03-11-2024,1991,$136,TRUE,FALSE,Nov,2024,3
1038,04-11-2024,2031,$257,FALSE,FALSE,Nov,2024,4
1039,05-11-2024,1969,$281,FALSE,FALSE,Nov,2024,5
1040,06-11-2024,1545,$301,FALSE,FALSE,Nov,2024,6
1041,07-11-2024,1573,$236,FALSE,FALSE,Nov,2024,7
1042,08-11-2024,1686,$282,FALSE,FALSE,Nov,2024,8
1043,09-11-2024,1733,$179,TRUE,FALSE,Nov,2024,9
1044,10-11-2024,1970,$175,TRUE,FALSE,Nov,2024,10
1045,11-11-2024,2185,$277,FALSE,FALSE,Nov,2024,11
1046,12-11-2024,1885,$270,FALSE,FALSE,Nov,2024,12
1047,13-11-2024,1728,$203,FALSE,FALSE,Nov,2024,13
1048,14-11-2024,1563,$294,FALSE,FALSE,Nov,2024,14
1049,15-11-2024,1651,$291,FALSE,FALSE,Nov,2024,15
1050,16-11-2024,1789,$161,TRUE,FALSE,Nov,2024,16
1051,17-11-2024,2007,$192,TRUE,FALSE,Nov,2024,17
1052,18-11-2024,2173,$265,FALSE,FALSE,Nov,2024,18
1053,19-11-2024,1931,$258,FALSE,FALSE,Nov,2024,19
1054,20-11-2024,1645,$233,FALSE,FALSE,Nov,2024,20
1055,21-11-2024,1691,$230,FALSE,FALSE,Nov,2024,21
1056,22-11-2024,1747,$249,FALSE,FALSE,Nov,2024,22
1057,23-11-2024,1943,$215,TRUE,FALSE,Nov,2024,23
1058,24-11-2024,2134,$196,TRUE,FALSE,Nov,2024,24
1059,25-11-2024,1979,$239,FALSE,FALSE,Nov,2024,25
1060,26-11-2024,1869,$423,FALSE,FALSE,Nov,2024,26
1061,27-11-2024,1650,$315,FALSE,FALSE,Nov,2024,27
1062,28-11-2024,1652,$625,FALSE,TRUE,Nov,2024,28
1063,29-11-2024,1859,$539,FALSE,FALSE,Nov,2024,29
1064,30-11-2024,1994,$360,TRUE,FALSE,Nov,2024,30
1065,01-12-2024,2254,$337,TRUE,FALSE,Dec,2024,1
1066,02-12-2024,2224,$402,FALSE,FALSE,Dec,2024,2
1067,03-12-2024,2048,$476,FALSE,FALSE,Dec,2024,3
1068,04-12-2024,1784,$427,FALSE,FALSE,Dec,2024,4
1069,05-12-2024,1951,$260,FALSE,FALSE,Dec,2024,5
1070,06-12-2024,1741,$249,FALSE,FALSE,Dec,2024,6
1071,07-12-2024,2013,$194,TRUE,FALSE,Dec,2024,7
1072,08-12-2024,2219,$182,TRUE,FALSE,Dec,2024,8
1073,09-12-2024,2092,$212,FALSE,FALSE,Dec,2024,9
1074,10-12-2024,1937,$280,FALSE,FALSE,Dec,2024,10
1075,11-12-2024,1746,$235,FALSE,FALSE,Dec,2024,11
1076,12-12-2024,1671,$203,FALSE,FALSE,Dec,2024,12
1077,13-12-2024,1878,$237,FALSE,FALSE,Dec,2024,13
1078,14-12-2024,1723,$225,TRUE,FALSE,Dec,2024,14
1079,15-12-2024,2162,$206,TRUE,FALSE,Dec,2024,15
1080,16-12-2024,1987,$240,FALSE,FALSE,Dec,2024,16
1081,17-12-2024,1966,$240,FALSE,FALSE,Dec,2024,17
1082,18-12-2024,1770,$240,FALSE,FALSE,Dec,2024,18
1083,19-12-2024,1767,$312,FALSE,FALSE,Dec,2024,19
1084,20-12-2024,1633,$261,FALSE,FALSE,Dec,2024,20
1085,21-12-2024,1957,$193,TRUE,FALSE,Dec,2024,21
1086,22-12-2024,2284,$211,TRUE,FALSE,Dec,2024,22
1087,23-12-2024,2023,$407,FALSE,FALSE,Dec,2024,23
1088,24-12-2024,2001,$392,FALSE,FALSE,Dec,2024,24
1089,25-12-2024,1772,$394,FALSE,TRUE,Dec,2024,25
1090,26-12-2024,1871,$398,FALSE,FALSE,Dec,2024,26
1091,27-12-2024,1871,$249,FALSE,FALSE,Dec,2024,27
1092,28-12-2024,1978,$202,TRUE,FALSE,Dec,2024,28
1093,29-12-2024,2229,$182,TRUE,FALSE,Dec,2024,29
1094,30-12-2024,2286,$272,FALSE,FALSE,Dec,2024,30
1095,31-12-2024,1993,$248,FALSE,FALSE,Dec,2024,31
